id,pros_id,latitude,start_at,end_at
1,1,111,2023-02-17T08:29:42.126Z,2023-02-18T08:29:42.126Z
2,1,112,2023-02-18T08:29:42.126Z,2023-02-20T08:29:42.126Z
3,1,113,2023-02-20T08:29:42.126Z,
4,2,221,2023-02-21T08:29:42.126Z,
5,3,331,2023-02-22T08:29:42.126Z,
6,4,441,2023-02-23T08:29:42.126Z,2023-02-24T08:29:42.126Z
7,4,,2023-02-24T08:29:42.126Z,2023-02-25T08:29:42.126Z
8,4,442,2023-02-25T08:29:42.126Z,
9,5,442,2023-02-26T08:29:42.126Z,2023-02-27T08:29:42.126Z
10,5,,2023-02-27T08:29:42.126Z,2023-02-28T08:29:42.126Z
11,5,442,2023-02-28T08:29:42.126Z,
